,0,1,2,3,4,5,6,7,8,9,10,11,12,13,14,15,16,17,18,19
0,-0.1,-1.173333,-0.673333,-0.76,-2.173333,-0.193333,-0.4,-1.373333,-1.286667,-1.053333,-0.906667,-0.76,-0.573333,-1.606667,-0.8,-0.093333,-0.193333,-2.206667,-1.38,-0.826667
1,-0.442656,-0.537223,-0.400402,-0.599598,-2.303823,-0.279678,-0.358149,-1.094567,-0.867203,-0.94165,-1.062374,-0.249497,-0.891348,-1.251509,-0.949698,-0.370221,-0.521127,-2.124748,-1.054326,-0.869215
2,0.516883,-0.820779,-0.623377,-0.807792,-1.750649,-0.101299,-0.368831,-0.61039,-1.423377,-0.672727,-0.631169,-0.298701,-0.161039,-1.568831,-1.171429,0.148052,-0.116883,-2.353247,-1.52987,-0.384416
3,-0.497653,-0.396714,-0.396714,-0.626761,-2.028169,-0.389671,-0.234742,-1.392019,-0.638498,-0.903756,-0.983568,-0.197183,-0.901408,-1.410798,-1.030516,-0.107981,-0.403756,-2.542254,-1.187793,-0.938967
4,-1.253521,-0.95171,-0.710262,-0.913481,-2.237425,-0.635815,-0.756539,-1.949698,-1.203219,-1.338028,-1.31992,-0.615694,-1.126761,-1.354125,-2.064386,-0.346076,-0.816901,-2.434608,-1.307847,-1.273642
5,-0.307692,-0.528428,-0.632107,-0.822742,-2.334448,-0.414716,-0.625418,-1.695652,-0.458194,-0.993311,-1.107023,-0.555184,-0.782609,-1.471572,-1.571906,-0.38796,-0.618729,-2.929766,-1.344482,-1.207358
6,-0.741176,-0.534641,-0.615686,-1.018301,-2.338562,-0.345098,-0.745098,-1.992157,-0.908497,-1.426144,-0.488889,-1.63268,-1.108497,-1.908497,-1.858824,-0.730719,-0.813072,-2.057516,-1.796078,-1.499346
7,-0.371179,-0.630277,-0.710335,-0.689956,-2.131004,-0.505095,-0.63901,-1.294032,-0.97671,-0.729258,-0.810771,-0.435226,-0.691412,-1.062591,-1.20524,-0.462882,-0.586608,-2.091703,-1.030568,-0.90393
8,0.015707,-0.230366,-0.829843,-0.806283,-2.353403,-0.240838,-0.510471,-1.104712,-0.60733,-1.329843,-1.193717,-0.515707,-1.020942,-1.505236,-0.910995,-0.180628,-0.515707,-2.570681,-1.358639,-1.049738
9,-1.759382,-1.19426,-0.295806,-1.417219,-0.993377,-1.06181,-0.779249,-2.200883,-0.772627,-0.85872,-0.551876,-0.812362,-1.09713,-1.368653,-1.565121,-0.163355,-0.856512,-1.852097,-1.269316,-1.580574
10,-0.021512,-0.440074,-0.357099,-0.521819,-2.616472,-0.051629,-0.539644,-0.647203,-0.388445,-1.317148,-0.927474,-0.473878,-0.922557,-1.736939,-0.964352,-0.034419,-0.09957,-2.395206,-1.641057,-0.980332
11,-0.421687,-0.653614,-0.493976,-0.743976,-2.183735,-0.454819,-0.581325,-1.066265,-0.798193,-0.966867,-1.075301,-0.21988,-0.894578,-1.379518,-1.14759,-0.114458,-0.39759,-2.563253,-1.057229,-1.003012
12,-0.586047,-0.493023,-1.455814,-1.437209,-0.95814,-0.944186,-1.055814,-1.744186,0.046512,-1.134884,-1.181395,-1.627907,-0.637209,-1.209302,-1.539535,-1.04186,-0.972093,-1.404651,-0.790698,-1.04186
13,0.084559,-0.496324,-0.988971,-1.136029,-1.775735,-0.132353,-0.485294,-1.058824,-0.878676,-1.4375,-1.1875,-0.724265,-0.801471,-1.775735,-1.205882,-0.121324,-0.363971,-2.294118,-1.481618,-1.029412
14,-0.276753,-0.527675,-0.498155,-0.464945,-1.95572,-0.273063,-0.199262,-1.132841,-0.826568,-1.324723,-1.372694,-0.428044,-0.837638,-1.557196,-1.143911,0.077491,-0.394834,-2.191882,-1.103321,-1.136531
15,-0.368421,-0.526316,-0.684211,-1.593985,-2.443609,-0.75188,-1.240602,-0.864662,-0.834586,-1.12782,-1.165414,-0.699248,-0.789474,-1.43609,-1.571429,-0.218045,-0.443609,-2.646617,-1.030075,-0.984962
16,0.023188,-1.142029,-0.252174,-0.472464,-2.144928,-0.028986,-0.62029,0.002899,-1.336232,-1.423188,-1.095652,-0.524638,-0.623188,-1.866667,-1.173913,0.22029,-0.266667,-2.672464,-1.918841,-1.176812
17,-0.278388,-0.047619,-0.956044,-0.802198,-2.452381,-0.155678,-0.445055,-1.727106,-0.635531,-1.542125,-0.538462,-1.794872,-0.805861,-1.754579,-1.666667,-0.787546,-0.760073,-1.575092,-1.650183,-1.342491
18,0.131687,-1.111111,0.168724,-0.460905,-1.843621,-1.251029,-0.748971,0.111111,-1.386831,-1.427984,-1.823045,-1.139918,-1.144033,-2.292181,-0.403292,0.753086,0.37037,-3.127572,-2.0,-0.621399
19,-0.532407,-0.787037,-0.666667,-0.87037,-2.462963,-0.416667,-0.509259,-1.555556,-0.74537,-1.416667,-1.439815,-0.699074,-1.092593,-1.532407,-1.282407,-0.444444,-0.722222,-2.675926,-1.046296,-1.305556
20,0.26087,-0.408696,-0.747826,-0.826087,-2.078261,0.043478,-0.4,-0.965217,-1.243478,-1.391304,-1.330435,-0.713043,-0.93913,-1.773913,-0.452174,0.304348,-0.234783,-2.382609,-1.26087,-0.982609
21,0.329032,-0.612903,-0.729032,-0.619355,-2.63871,0.387097,-0.129032,-1.348387,-1.787097,-1.251613,-1.122581,-0.23871,-0.587097,-2.612903,-1.135484,0.16129,-0.154839,-3.303226,-2.419355,-1.090323
22,-0.713542,-1.09375,-0.364583,-1.057292,-2.197917,-0.744792,-0.916667,-1.375,-0.739583,-1.317708,-1.4375,-0.609375,-1.005208,-1.484375,-1.901042,-0.302083,-0.453125,-2.921875,-1.239583,-1.208333
23,-0.25625,-0.56875,-0.39375,-0.90625,-1.8125,-0.275,-0.575,-1.28125,-0.975,-1.56875,-1.4125,-0.625,-0.84375,-1.8375,-1.08125,0.11875,-0.2125,-2.45625,-1.45625,-1.125
24,0.654723,0.084691,-0.899023,-0.965798,-1.641694,-0.197068,-0.631922,-1.169381,-0.545603,-1.752443,-0.666124,-1.232899,-1.118893,-1.988599,-1.247557,-0.298046,-0.798046,-1.90228,-1.726384,-1.200326
25,-0.174569,-0.767241,-1.047414,-0.982759,-1.737069,-0.961207,-1.012931,-1.140086,-0.94181,-1.306034,-1.159483,-1.168103,-1.099138,-1.323276,-0.855603,-0.383621,-0.525862,-1.741379,-1.269397,-0.795259
26,-0.22268,-0.474227,-0.684536,-0.857732,-1.668041,-0.393814,-0.583505,-1.002062,-0.983505,-1.373196,-1.360825,-0.65567,-0.870103,-1.820619,-1.037113,-0.117526,-0.395876,-2.408247,-1.496907,-1.070103
27,-0.481625,-0.700193,-1.471954,-1.468085,-2.483559,-0.903288,-1.098646,-1.558994,-1.172147,-1.700193,-1.468085,-1.160542,-1.324952,-2.15087,-0.816248,-0.346228,-0.860735,-3.191489,-2.065764,-1.294004
28,-1.20362,-1.809955,-1.339367,-0.891403,-3.488688,-1.384615,-0.959276,-2.330317,-2.361991,-2.285068,-2.149321,-1.162896,-0.986425,-2.628959,-3.38009,-0.819005,-1.470588,-4.547511,-3.144796,-2.226244
29,0.082414,-0.241354,-0.632818,-0.640912,-2.033113,0.649742,0.456954,-1.506255,-1.021339,-1.167035,-0.562914,-0.122884,-0.629875,-2.025754,-1.742458,-0.041943,-0.275202,-2.671082,-1.774099,-0.946284
30,-0.319095,-0.585427,-0.668342,-0.81407,-1.693467,-0.296482,-0.256281,-1.266332,-1.015075,-1.027638,-1.060302,-0.540201,-0.751256,-1.38191,-1.21608,-0.012563,-0.258794,-2.228643,-1.140704,-0.851759
31,0.154692,0.089443,-0.725806,-0.365836,-2.512463,-0.029326,-0.43915,-0.645161,-0.309384,-1.502933,-0.975073,-0.904692,-1.138563,-1.645161,0.379032,0.111437,-0.52346,-1.90176,-1.392229,-1.089443
32,-0.516432,-0.558685,-0.107981,-0.464789,-2.577465,-0.539906,-0.610329,-0.793427,-0.361502,-1.13615,-1.431925,-0.774648,-0.934272,-1.408451,-0.892019,-0.338028,-0.394366,-2.0,-0.784038,-1.276995
33,-0.66573,-0.719101,-0.705056,-1.039326,-2.129213,-0.691011,-0.719101,-1.58427,-0.643258,-1.075843,-1.044944,-0.705056,-0.867978,-1.337079,-1.27809,-0.533708,-0.623596,-2.073034,-0.977528,-1.030899
34,0.431111,-0.242222,-0.953333,-0.844444,-1.733333,-0.122222,-0.342222,-1.015556,-0.844444,-1.024444,-0.544444,-0.648889,-0.595556,-1.544444,-0.584444,-0.16,-0.355556,-2.204444,-1.411111,-0.702222
35,0.317478,-0.370575,-0.825221,-0.722345,-1.806416,-0.079646,-0.306416,-0.659292,-0.570796,-1.211283,-0.924779,-0.392699,-0.707965,-1.53208,-0.603982,-0.079646,-0.25885,-2.067478,-1.245575,-0.876106
36,-0.151057,-0.283988,-0.803625,-0.694864,-2.024169,-0.404834,-0.36858,-0.845921,-0.809668,-1.29003,-1.090634,-0.435045,-0.909366,-1.643505,-0.513595,-0.287009,-0.555891,-2.102719,-1.332326,-0.984894
37,0.778818,0.233429,-0.95389,-0.536744,-2.505043,0.067723,-0.293228,-0.657061,-0.497839,-1.384006,-0.78098,-0.651297,-0.837176,-1.817003,-0.783141,-0.169308,-0.185159,-2.311239,-1.79683,-0.84366
38,-0.016627,-0.256532,-0.817102,-0.634204,-2.332542,-0.413302,-0.258907,-1.173397,-0.997625,-1.185273,-1.199525,-0.285036,-0.964371,-1.565321,-1.023753,-0.268409,-0.43943,-2.325416,-1.344418,-0.942993
39,-0.217143,-0.34,-0.608571,-0.78,-2.208571,-0.325714,-0.557143,-1.342857,-0.405714,-1.185714,-1.148571,-0.548571,-0.774286,-1.562857,-1.028571,-0.1,-0.5,-2.66,-1.24,-1.145714
40,-0.114679,-0.701835,-0.775229,-0.90367,-1.90367,-0.422018,-0.587156,-1.211009,-1.087156,-1.224771,-1.211009,-0.637615,-0.834862,-1.688073,-1.266055,-0.220183,-0.284404,-2.513761,-1.334862,-0.848624
41,-0.158774,-0.415042,-0.62117,-0.846797,-2.259053,-0.512535,-0.626741,-1.4039,-0.579387,-1.139276,-1.075209,-0.607242,-0.777159,-1.532033,-0.986072,-0.206128,-0.554318,-2.721448,-1.359331,-1.169916
42,-1.990712,-1.693498,-0.839009,-1.899381,-2.184211,-1.094427,-1.114551,-2.642415,-1.811146,-1.504644,-0.625387,-1.328173,-1.76935,-2.22291,-2.535604,-0.611455,-1.256966,-3.335913,-2.558824,-2.099071
43,0.972539,-1.123242,-0.591427,-0.633624,-2.556597,0.442063,-0.737441,-1.156062,-1.237106,-0.959143,-0.38647,-1.011386,-1.482251,-2.109176,-1.537173,-0.260549,0.275954,-2.430007,-1.560616,-1.163429
44,-0.58952,-0.615721,-0.327511,-0.790393,-1.886463,-0.20524,-0.209607,-1.751092,-1.052402,-0.917031,-1.065502,-0.0131,-0.60262,-1.537118,-1.593886,-0.161572,-0.170306,-2.60262,-1.275109,-0.908297
45,-0.62037,-0.837963,-0.342593,-1.041667,-1.800926,-0.597222,-0.657407,-1.625,-0.819444,-1.189815,-1.25463,-0.638889,-0.939815,-1.24537,-1.662037,-0.314815,-0.398148,-2.300926,-0.782407,-0.949074
46,-0.427673,0.314465,-1.037736,-0.660377,-3.396226,-0.352201,-1.459119,-0.647799,0.194969,-1.666667,-1.72956,-1.025157,-1.572327,-2.157233,-0.798742,-0.836478,-1.45283,-1.710692,-0.578616,-1.150943
47,0.03125,-0.375,-0.699519,-0.752404,-1.629808,-0.298077,-0.413462,-0.790865,-0.918269,-1.245192,-1.057692,-0.454327,-0.754808,-1.538462,-0.353365,-0.050481,-0.242788,-1.891827,-1.230769,-0.884615
48,-0.728,-0.768,-0.144,-0.464,-2.024,-0.232,-0.116,-1.376,-0.688,-1.012,-1.016,-0.38,-0.796,-1.18,-1.308,-0.024,-0.392,-2.304,-0.932,-0.8
49,-0.313364,-0.801843,-0.414747,-0.617512,-2.041475,-0.110599,-0.299539,-1.43318,-1.142857,-1.02765,-1.207373,-0.387097,-0.617512,-1.907834,-1.493088,-0.004608,0.078341,-2.548387,-1.437788,-0.815668
50,-0.5,-0.805556,-0.814815,-1.00463,-2.5,-0.731481,-0.865741,-1.75463,-0.342593,-1.212963,-1.217593,-0.828704,-0.805556,-1.476852,-1.856481,-0.564815,-0.722222,-3.013889,-1.384259,-1.263889
51,0.264033,0.170478,-0.442827,-0.733888,-1.773389,0.546778,-0.064449,-1.002079,-0.621622,-1.559252,-1.419958,0.251559,-0.925156,-1.954262,1.128898,0.209979,-0.10395,-2.2079,-1.444906,-1.153846
52,0.727341,0.11161,-0.886891,-0.60824,-2.376779,-0.123596,-0.440449,-0.516105,-0.612734,-1.350562,-0.884644,-0.686142,-0.833708,-1.707865,-0.4,-0.11161,-0.092135,-2.149064,-1.725094,-0.79176
53,-0.232456,-0.429825,-1.004386,-0.600877,-2.364035,-0.622807,-0.464912,-1.030702,-1.057018,-1.311404,-1.109649,-0.640351,-1.201754,-1.719298,-0.513158,-0.561404,-0.710526,-2.307018,-1.434211,-0.969298
54,0.128702,-0.451025,-0.984055,-1.079727,-1.810934,-0.296128,-0.503417,-1.173121,-0.971526,-1.197039,-0.933941,-0.687927,-0.594533,-1.689066,-0.896355,-0.1959,-0.387244,-2.396355,-1.394077,-0.824601
55,-0.079121,-0.993407,-1.292308,-1.010989,-1.681319,-1.162637,-0.978022,-1.230769,-0.896703,-1.127473,-0.973626,-1.283516,-0.940659,-1.564835,-0.936264,-0.727473,-0.496703,-2.063736,-1.463736,-0.78022
56,0.058824,-0.558824,-0.833333,-0.781046,-1.696078,-0.271242,-0.411765,-1.137255,-1.003268,-1.111111,-0.915033,-0.53268,-0.69281,-1.637255,-0.604575,-0.111111,-0.320261,-2.346405,-1.356209,-0.80719
57,0.621622,-0.841699,-0.758687,-1.084942,-2.305019,-0.486486,-0.749035,-0.471042,-0.947876,-1.324324,-0.986486,-0.741313,-0.754826,-1.779923,-0.832046,0.069498,-0.121622,-2.540541,-1.633205,-0.795367
58,0.127925,-0.825273,-0.850234,-0.98752,-2.065523,-0.49298,-0.627145,-0.929797,-1.071763,-0.975039,-0.887676,-0.622465,-0.619345,-1.522621,-0.828393,-0.062402,-0.282371,-2.273011,-1.48986,-0.762871
59,-0.059072,-0.727848,-0.736287,-0.953586,-1.793249,-0.327004,-0.5,-1.35865,-1.116034,-1.234177,-1.156118,-0.552743,-0.740506,-1.795359,-1.014768,-0.126582,-0.280591,-2.605485,-1.485232,-0.890295
60,-0.101205,-0.542169,-0.851807,-1.122892,-1.883133,-0.379518,-0.618072,-1.104819,-0.984337,-1.228916,-1.233735,-0.559036,-0.790361,-1.808434,-1.190361,-0.238554,-0.392771,-2.512048,-1.446988,-0.860241
61,-0.017305,-0.776267,-1.016069,-1.243511,-1.786156,-0.533993,-0.648949,-1.232386,-1.229913,-1.327565,-1.216316,-0.765142,-0.839308,-1.820766,-1.179234,-0.25958,-0.542645,-2.555006,-1.506799,-0.899876
62,0.229876,-0.256308,-1.094513,-0.9996,-2.238286,-0.160593,-0.494193,-1.34962,-0.771726,-1.601121,-0.84141,-0.997597,-1.19984,-2.056468,-1.534642,-0.642771,-0.801362,-2.398478,-1.518622,-1.21706
63,0.761712,0.186591,-0.907916,-0.470921,-2.417609,-0.074313,-0.399838,-0.412763,-0.574313,-1.345719,-0.78433,-0.698708,-0.797254,-1.634087,-0.448304,-0.14378,-0.120355,-2.063005,-1.706785,-0.749596
64,0.206545,-0.409455,-0.607273,-0.702545,-1.975273,-0.156364,-0.310545,-0.788364,-0.817455,-1.277091,-1.099636,-0.306909,-0.823273,-1.634909,-0.544727,-0.073455,-0.154909,-2.258909,-1.312727,-0.954909
65,0.298846,-0.276614,-1.100898,-0.946986,-2.035485,-0.268063,-0.619923,-1.312954,-0.787088,-1.560923,-0.845233,-1.010261,-1.017956,-1.860197,-1.208636,-0.512185,-0.716973,-2.082514,-1.6118,-1.071826
66,0.191576,-0.315217,-1.120018,-0.989583,-2.125906,-0.216486,-0.559783,-1.283514,-0.821105,-1.540761,-0.899909,-0.960145,-1.075634,-1.898551,-1.303895,-0.567029,-0.774457,-2.18433,-1.528986,-1.151268
67,0.476837,-0.125,-1.11901,-0.927316,-2.126198,-0.27476,-0.533147,-1.259585,-0.75,-1.611022,-0.787141,-1.145367,-1.123003,-1.95647,-1.11262,-0.505591,-0.660144,-2.229633,-1.630192,-1.071486
68,-1.440323,-2.366129,-0.583871,-2.245161,-2.279032,-1.925806,-1.945161,-2.266129,-2.193548,-1.409677,-0.835484,-1.870968,-2.25,-2.78871,-3.624194,-0.6,-1.114516,-4.140323,-3.208065,-2.051613
69,-1.22102,-2.165379,-0.83153,-2.120556,-2.170015,-1.978362,-1.953632,-2.159196,-2.261206,-1.591963,-0.876352,-1.853168,-2.332303,-3.020093,-3.357032,-0.650696,-1.05255,-4.145286,-3.479134,-1.956723
70,-1.198885,-2.265799,-0.851301,-2.297398,-2.152416,-1.964684,-1.992565,-2.302974,-2.20632,-1.513011,-1.011152,-1.815985,-2.297398,-2.914498,-3.494424,-0.728625,-1.009294,-4.083643,-3.237918,-2.005576
71,-1.683812,-2.479576,-0.520424,-2.408472,-2.382753,-2.006051,-2.154312,-2.316188,-2.181543,-1.360061,-0.795764,-2.048411,-2.248109,-2.653555,-3.600605,-0.608169,-1.178517,-4.019667,-3.231467,-2.193646
72,-1.006633,-1.892206,-0.749585,-2.00995,-1.981758,-1.660033,-1.726368,-2.024876,-1.908789,-1.38806,-0.827529,-1.555556,-1.968491,-2.568823,-3.175788,-0.535655,-0.855721,-3.640133,-3.021559,-1.779436
73,-0.274419,-0.437209,-0.693023,-0.75814,-1.972093,-0.351163,-0.3,-1.444186,-0.583721,-1.218605,-1.032558,-0.518605,-0.930233,-1.523256,-1.081395,-0.3,-0.255814,-2.339535,-1.155814,-0.94186
74,0.246914,-0.345679,-0.703704,-0.839506,-1.938272,0.234568,0.277778,-1.253086,-0.820988,-1.697531,-1.382716,-0.17284,-0.907407,-2.049383,-0.765432,0.092593,-0.339506,-2.493827,-1.641975,-1.067901
75,0.192926,-0.504823,-0.62701,-0.59164,-2.07717,-0.33119,-0.469453,-0.980707,-0.768489,-1.099678,-0.987138,-0.620579,-0.729904,-1.720257,-0.459807,0.051447,-0.18328,-2.546624,-1.578778,-0.877814
76,-0.102041,-0.367347,-0.510204,-0.72449,-1.887755,0.071429,-0.244898,-0.857143,-0.846939,-1.795918,-1.591837,-0.295918,-0.908163,-2.05102,-1.040816,0.091837,-0.336735,-2.520408,-1.55102,-1.173469
77,-0.343949,-0.433121,-0.522293,-0.847134,-1.802548,-0.216561,-0.33758,-1.152866,-0.649682,-1.426752,-1.356688,-0.33121,-0.898089,-1.592357,-0.547771,0.101911,-0.254777,-2.140127,-1.0,-1.076433
78,0.47451,0.069281,-1.019608,-0.660131,-1.962092,-0.049673,-0.287582,-0.894118,-0.881046,-1.258824,-0.830065,-0.48366,-0.720261,-1.862745,-0.546405,-0.145098,-0.431373,-2.341176,-1.64183,-0.801307
79,0.530822,-0.582192,-0.808219,-1.042808,-1.695205,-0.277397,-0.621575,-0.455479,-1.191781,-1.097603,-1.042808,-0.570205,-0.65411,-1.827055,-0.616438,0.121575,-0.065068,-2.445205,-1.60274,-0.625
80,0.042553,-0.37766,-0.553191,-0.707447,-1.978723,-0.026596,-0.265957,-0.994681,-0.952128,-1.271277,-1.095745,-0.324468,-0.808511,-1.803191,-0.43617,0.015957,-0.143617,-2.558511,-1.489362,-1.0
81,0.399166,0.150209,-0.995828,-0.714882,-2.139082,0.079277,-0.20306,-1.030598,-0.794159,-1.239221,-0.742698,-0.504868,-0.794159,-1.84701,-0.596662,-0.200278,-0.44089,-2.413074,-1.618915,-0.844228
82,-0.125,-0.79491,-1.243263,-1.367515,-1.487275,-0.775449,-0.77021,-1.469311,-1.374251,-1.297904,-1.058383,-0.930389,-0.619012,-1.945359,-1.974551,-0.411677,-0.742515,-2.727545,-1.85479,-0.958084
83,0.427224,0.128032,-1.045822,-0.685984,-2.037736,0.09973,-0.269542,-0.946092,-0.855795,-1.245283,-0.781671,-0.467655,-0.811321,-1.880054,-0.495957,-0.12938,-0.404313,-2.374663,-1.618598,-0.785714
84,-0.605505,-0.522936,-0.105505,-0.587156,-2.761468,-0.550459,-0.605505,-0.958716,-0.321101,-1.243119,-1.513761,-0.720183,-1.009174,-1.40367,-0.949541,-0.298165,-0.412844,-2.192661,-0.811927,-1.353211
85,0.108374,-0.482759,-0.847291,-1.059113,-1.778325,-0.463054,-0.655172,-0.857143,-0.935961,-1.093596,-1.039409,-0.571429,-0.694581,-1.812808,-0.561576,-0.103448,-0.315271,-2.35468,-1.517241,-0.950739
86,0.063492,-0.275132,-0.544974,-0.962963,-1.724868,-0.042328,-0.306878,-0.650794,-0.931217,-1.365079,-1.259259,-0.15873,-0.698413,-1.814815,-0.312169,0.169312,-0.21164,-2.195767,-1.481481,-0.957672
87,-0.021244,-0.456753,-0.830046,-0.98786,-1.905918,-0.336874,-0.60698,-0.915023,-1.051593,-1.37481,-1.2261,-0.500759,-0.846737,-1.834598,-0.769347,-0.182094,-0.368741,-2.474962,-1.473445,-0.996965
88,0.285924,-0.380499,-0.749267,-0.719208,-1.857038,-0.191349,-0.368768,-0.857771,-0.945015,-1.260264,-1.143695,-0.408358,-0.781525,-1.774927,-0.715543,-0.034457,-0.178152,-2.254399,-1.417155,-0.910557
89,0.246575,-0.39726,-0.606164,-0.808219,-1.835616,-0.065068,-0.263699,-0.924658,-0.917808,-1.455479,-1.30137,-0.116438,-0.760274,-1.900685,-0.599315,0.256849,-0.232877,-2.414384,-1.506849,-0.941781
90,0.064463,-0.261157,-0.702479,-0.753719,-1.998347,-0.2,-0.358678,-1.112397,-0.904132,-1.366942,-0.909091,-0.694215,-0.798347,-1.676033,-0.590083,-0.173554,-0.294215,-2.233058,-1.444628,-1.0
91,-0.120438,-0.635036,-0.703163,-0.809002,-1.822384,-0.328467,-0.493917,-1.139903,-0.950122,-1.105839,-1.037713,-0.540146,-0.708029,-1.579075,-1.085158,-0.199513,-0.329684,-2.238443,-1.276156,-0.840633
92,0.258883,-0.685279,-1.025381,-1.15736,-1.746193,-0.619289,-0.741117,-1.22335,-1.121827,-1.436548,-1.324873,-0.725888,-0.903553,-2.071066,-0.426396,-0.182741,-0.451777,-2.64467,-1.730964,-0.964467
93,0.104911,-0.002232,-1.261161,-0.705357,-2.96875,0.127232,-0.167411,-1.600446,-1.051339,-1.537946,-0.700893,-1.361607,-0.953125,-1.919643,-1.497768,-0.642857,-0.770089,-2.417411,-1.725446,-1.111607
94,-0.235294,-0.733333,-0.627451,-1.043137,-2.082353,-0.407843,-0.658824,-1.443137,-1.082353,-1.121569,-1.12549,-0.564706,-0.996078,-1.596078,-1.235294,-0.466667,-0.717647,-2.152941,-1.043137,-1.121569
95,-0.046154,-0.230769,-0.830769,-0.766154,-1.963077,-0.32,-0.409231,-0.753846,-0.969231,-1.249231,-1.086154,-0.338462,-0.895385,-1.646154,-0.461538,-0.163077,-0.470769,-2.098462,-1.406154,-0.950769
96,-0.638889,-0.366667,-0.122222,-0.761111,-2.027778,-0.188889,-0.416667,-1.455556,-0.533333,-1.211111,-1.388889,-0.627778,-0.822222,-1.661111,-1.477778,-0.294444,-0.438889,-2.555556,-1.272222,-1.044444
97,0.380835,-0.902948,-0.385749,-0.174447,-2.340295,-0.136364,-0.460688,-0.341523,-1.271499,-1.273956,-1.070025,-0.255528,-0.764128,-1.651106,-1.020885,0.151106,-0.159705,-2.445946,-1.513514,-0.959459
98,-0.402556,-0.680511,-1.405751,-1.191693,-1.376997,-1.022364,-1.089457,-1.584665,-0.115016,-1.482428,-1.182109,-1.677316,-0.546326,-1.086262,-1.329073,-1.025559,-0.945687,-0.610224,-0.929712,-1.389776
99,-1.662802,-2.351691,-0.415459,-2.208696,-2.113043,-2.000966,-2.061836,-2.214493,-1.845411,-1.299517,-0.605797,-2.006763,-2.074396,-2.327536,-3.394203,-0.571981,-1.21256,-3.442512,-3.045411,-1.997101
100,-1.164502,-2.116883,-1.008658,-2.32684,-2.309524,-2.017316,-2.049784,-2.287879,-2.194805,-1.632035,-1.045455,-1.80303,-2.391775,-3.032468,-3.664502,-0.816017,-1.008658,-4.242424,-3.387446,-1.891775
101,-0.088398,-0.287293,-1.127072,-0.78453,-3.077348,0.143646,-0.309392,-1.98895,-1.237569,-1.790055,-1.651934,-0.077348,-1.690608,-2.58011,-1.232044,-0.928177,-1.237569,-3.171271,-2.226519,-1.41989
102,0.449686,-0.481132,-0.677673,-0.740566,-1.90566,-0.303459,-0.481132,-0.569182,-0.927673,-0.988994,-0.671384,-0.644654,-0.460692,-1.355346,-0.622642,0.014151,-0.111635,-2.02673,-1.323899,-0.61478
103,0.430678,-0.734513,-0.59292,-0.976401,-1.696165,-0.253687,-0.374631,-0.985251,-1.035398,-0.654867,-0.687316,-0.283186,-0.566372,-1.557522,-1.165192,0.035398,-0.100295,-2.519174,-1.519174,-0.551622
104,-0.472561,-0.707317,-0.356707,-0.652439,-1.981707,-0.478659,-0.463415,-1.231707,-0.935976,-1.012195,-0.948171,-0.490854,-0.661585,-1.466463,-1.195122,-0.164634,-0.39939,-2.347561,-1.420732,-0.896341
105,-0.179144,-0.243316,-0.679144,-0.585561,-2.106952,-0.505348,-0.55615,-1.128342,-0.588235,-1.149733,-0.970588,-0.639037,-0.842246,-1.312834,-0.954545,-0.326203,-0.470588,-2.168449,-0.973262,-0.909091
106,-0.847875,-1.653244,-0.876957,-1.324385,-2.281879,-1.131991,-1.599553,-1.581655,-1.134228,-1.534676,-1.785235,-1.615213,-0.879195,-1.46085,-1.950783,-0.8434,-0.597315,-1.178971,-0.941834,-1.434004
107,-0.120079,-0.643701,-0.543307,-0.933071,-1.887795,-0.334646,-0.551181,-1.248031,-0.88189,-1.431102,-1.232283,-0.429134,-0.860236,-1.679134,-1.348425,-0.072835,-0.307087,-2.346457,-1.25,-1.155512
108,-0.78481,0.46519,-1.126582,-1.21519,-0.553797,-0.462025,-0.977848,-1.772152,0.71519,-1.18038,-1.31962,-0.810127,-0.382911,-1.120253,-1.101266,-1.082278,-0.702532,0.335443,-0.401899,-1.424051
109,-0.546296,-0.240741,-0.638889,-0.981481,-1.759259,0.259259,-0.148148,-1.601852,-0.898148,-1.268519,-1.0,0.092593,-0.453704,-1.444444,-1.277778,-0.268519,-0.425926,-2.194444,-1.175926,-0.907407
110,-0.909677,-2.060215,-0.632258,-0.875269,-3.421505,-1.445161,-1.658065,-0.823656,-1.529032,-1.793548,-2.189247,-1.819355,-1.722581,-1.76129,-2.090323,-0.916129,-0.490323,-1.344086,-1.144086,-1.348387
111,-0.011628,-1.27907,-1.267442,-1.674419,-2.895349,-0.505814,-0.697674,-2.726744,-1.02907,-1.947674,-1.145349,-1.133721,-1.377907,-2.145349,-3.75,-1.418605,-2.040698,-3.139535,-0.883721,-2.284884
112,-0.605442,-1.591837,-1.380952,-1.482993,-2.673469,-1.0,-0.979592,-1.816327,-1.387755,-1.0,-0.571429,-1.673469,-0.986395,-1.367347,-2.204082,-1.068027,-1.0,-3.061224,-1.653061,-1.183673
113,-0.162791,-0.248062,-1.604651,-1.449612,-3.116279,-0.434109,-0.341085,-2.348837,-1.751938,-1.689922,-1.589147,-0.108527,-0.992248,-2.829457,-2.093023,-1.054264,-1.100775,-3.72093,-2.534884,-1.550388
114,-0.468085,-3.234043,-2.741135,-3.524823,-3.475177,-2.202128,-3.099291,-1.992908,-3.141844,-0.156028,0.01773,-3.258865,0.606383,-0.287234,-2.833333,-1.248227,-1.117021,-2.77305,-2.031915,-0.35461
115,-0.343348,-0.845494,-2.017167,-1.476395,-3.969957,-0.214592,0.111588,-2.819742,-1.875536,-1.480687,-1.660944,-0.806867,-1.622318,-3.274678,-3.622318,-1.356223,-1.613734,-4.454936,-2.969957,-1.639485
116,-0.542986,-0.966063,-1.425339,-1.468326,-1.950226,-0.864253,-1.054299,-1.538462,-1.214932,-0.789593,-1.063348,-1.269231,-0.615385,-1.547511,-1.873303,-0.803167,-0.717195,-2.925339,-1.488688,-0.843891
117,-0.378672,-0.972797,-0.823721,-1.12296,-3.473341,-0.422198,-0.896627,-1.367791,-2.17519,-0.952122,-1.25136,-0.874864,-1.207835,-2.050054,-1.147987,-0.332971,-0.224157,-3.452666,-2.198041,-0.699674
118,-0.872727,-1.390909,-2.363636,-2.490909,-2.590909,-1.618182,-1.872727,-1.9,-2.118182,-1.172727,-1.190909,-2.154545,-0.872727,-2.572727,-2.436364,-1.236364,-1.227273,-3.845455,-2.618182,-0.718182
119,-0.096639,-0.731092,-1.878151,-1.596639,-1.747899,-0.739496,-1.39916,-1.605042,-0.970588,-1.457983,-0.453782,-1.966387,-1.105042,-1.756303,-1.218487,-0.752101,-0.571429,-1.865546,-1.962185,-1.096639
120,-0.593985,-1.789474,-1.706767,-0.909774,-3.541353,-0.796992,-0.413534,-1.984962,-1.834586,-1.857143,-1.533835,-1.857143,-1.165414,-2.75188,-1.639098,-1.06015,-0.977444,-3.796992,-3.007519,-1.135338
121,-0.656934,-1.79562,-1.664234,-0.890511,-3.525547,-0.737226,-0.313869,-2.007299,-1.824818,-1.781022,-1.467153,-1.890511,-1.065693,-2.729927,-1.59854,-1.094891,-0.978102,-3.737226,-2.934307,-1.145985
122,-0.079208,-0.640264,-1.864686,-1.188119,-1.425743,-0.683168,-0.924092,-1.554455,-0.867987,-1.158416,-0.491749,-1.825083,-0.887789,-1.739274,-1.108911,-0.983498,-0.910891,-1.627063,-2.09571,-0.80198
123,0.257329,-0.638436,-2.420195,-1.286645,-1.830619,-0.781759,-1.081433,-1.485342,-1.19544,-1.442997,-0.429967,-2.635179,-1.289902,-2.228013,-1.162866,-1.162866,-1.003257,-1.882736,-2.794788,-0.859935
124,-0.921429,-0.702381,0.154762,-0.504762,-3.090476,0.22381,0.602381,-2.440476,-1.416667,-0.554762,-0.871429,0.928571,-1.161905,-1.657143,-2.685714,-0.6,-0.692857,-3.007143,-1.585714,-1.338095
125,-0.837696,-0.649215,-1.172775,-1.602094,-1.994764,-1.277487,-1.272251,-2.17801,-1.146597,-0.82199,-1.188482,-0.52356,-1.366492,-1.314136,-2.366492,-1.015707,-1.298429,-2.335079,-1.073298,-1.21466
126,-0.708525,-1.164747,-1.290323,-1.290323,-2.110599,-0.97235,-1.102535,-2.268433,-0.964286,-1.460829,-1.349078,-1.224654,-1.052995,-1.430876,-2.132488,-0.979263,-0.814516,-2.035714,-1.192396,-1.281106
127,-0.570513,-0.910256,-1.224359,-1.551282,-2.083333,-0.878205,-1.134615,-2.083333,-0.974359,-0.660256,-1.064103,-0.891026,-0.583333,-1.660256,-2.538462,-0.974359,-0.820513,-2.891026,-1.589744,-1.0
128,-0.584022,-0.895317,-0.870523,-1.055096,-0.942149,-0.719008,-0.570248,-1.449036,-0.418733,-0.785124,-1.143251,-0.520661,-0.355372,-1.110193,-1.506887,-0.743802,-0.721763,-1.498623,-0.911846,-0.807163
129,-1.935829,-2.347594,-2.842246,-3.117647,-3.489305,-2.548128,-2.561497,-3.28877,-2.636364,-2.548128,-2.76738,-2.029412,-2.815508,-3.05615,-3.946524,-2.304813,-2.473262,-4.176471,-3.104278,-2.382353
130,-0.856808,-1.084507,-2.361502,-2.056338,-3.14241,-1.201095,-1.446009,-2.789515,-1.745696,-1.995305,-1.628326,-1.663537,-1.7277,-2.562598,-2.701095,-1.523474,-1.598592,-3.267606,-2.584507,-1.71518
131,-1.140988,-1.934593,-1.55814,-1.835756,-2.819767,-1.536337,-1.265988,-2.55814,-1.925872,-1.613372,-1.734012,-1.098837,-1.77907,-2.087209,-2.505814,-1.430233,-1.357558,-2.960756,-2.104651,-1.627907
132,-0.624254,-0.968191,-1.4334,-1.393638,-2.707753,-0.719682,-0.942346,-2.025845,-1.071571,-1.318091,-1.383698,-1.029821,-0.620278,-1.976143,-1.77336,-0.986083,-0.988072,-2.415507,-1.793241,-1.184891
133,-0.333333,-1.796875,-1.526042,-0.958333,-2.182292,-0.651042,-0.390625,-1.786458,-1.083333,-1.364583,-0.958333,-1.953125,-0.78125,-1.53125,-2.041667,-0.848958,-1.0,-2.515625,-1.703125,-1.223958
134,-0.450704,-2.140845,-2.521127,-2.971831,-1.971831,-1.830986,-2.295775,-2.0,-2.394366,0.394366,0.43662,-1.816901,0.591549,0.056338,-2.535211,-1.323944,-0.774648,-1.887324,-0.873239,0.549296
135,-0.542683,-0.533537,-1.414634,-0.932927,-1.414634,-0.646341,-0.646341,-1.884146,0.17378,-1.228659,-1.033537,-1.70122,-0.804878,-0.829268,-1.807927,-1.103659,-1.039634,-0.557927,-0.859756,-1.356707
136,-1.422078,-1.766234,-2.649351,-2.837662,-3.844156,-2.103896,-2.045455,-3.681818,-2.11039,-1.603896,-1.948052,-2.103896,-1.714286,-3.357143,-4.019481,-1.798701,-1.519481,-4.857143,-3.155844,-1.558442
137,-0.930599,-1.599369,-1.88959,-2.006309,-2.652997,-1.785489,-1.283912,-2.694006,-1.952681,-1.375394,-2.006309,-1.321767,-1.92429,-2.656151,-2.842271,-1.438486,-1.413249,-3.731861,-2.605678,-1.211356
138,-0.576389,-1.96875,-2.888889,-2.888889,-3.590278,-2.288194,-2.288194,-2.583333,-2.75,-2.315972,-2.239583,-2.489583,-1.600694,-3.048611,-3.621528,-2.038194,-1.850694,-3.743056,-3.246528,-2.045139
139,0.2275,-3.2475,-3.4225,-4.33,-2.8675,-2.8775,-3.94,-1.5075,-3.285,-1.0275,-0.705,-3.6725,-0.475,-1.4025,-3.14,-1.1375,-1.08,-3.215,-2.8475,-0.6575
140,-1.652406,-2.909091,-2.385027,-2.459893,-3.775401,-2.363636,-2.44385,-2.417112,-1.994652,-2.208556,-1.97861,-2.983957,-2.058824,-2.631016,-3.235294,-1.71123,-2.149733,-4.0,-3.26738,-2.117647
141,-0.354618,-0.374002,-1.148233,-1.145952,-1.623717,-0.492588,-0.702395,-1.692132,-0.366021,-0.986317,-0.750285,-1.079818,-0.440137,-1.301026,-1.828962,-0.742303,-0.677309,-1.77195,-1.221209,-1.104903
142,-0.832099,-1.464198,-1.637037,-1.930864,-2.846914,-1.535802,-1.639506,-2.464198,-1.82716,-1.488889,-1.387654,-1.634568,-1.345679,-2.367901,-2.718519,-1.014815,-1.120988,-3.701235,-2.224691,-1.42963
143,-0.304539,-0.828697,-1.254758,-1.366032,-0.693997,-0.243045,-1.147877,-1.904832,-0.306003,-0.983895,-0.550512,-1.33675,-0.784773,-1.15959,-1.689605,-0.661786,-0.894583,-0.97511,-1.081991,-1.062958
144,-1.684932,-1.881279,-1.251142,-2.054795,-2.707763,-2.255708,-2.0,-2.292237,-1.538813,-1.242009,-2.269406,-1.584475,-2.041096,-1.913242,-2.726027,-1.260274,-1.561644,-3.073059,-1.726027,-1.561644
145,-0.59276,-0.954751,-1.153846,-1.208145,-1.429864,-1.171946,-0.972851,-1.153846,-0.941176,-0.837104,-1.334842,-1.072398,-0.923077,-1.307692,-2.045249,-1.063348,-1.031674,-1.61991,-1.063348,-0.995475
146,-0.595041,-3.365702,-2.278926,-3.353306,-2.933884,-2.561983,-3.113636,-1.669421,-3.311983,-0.291322,-1.0,-2.597107,-0.603306,-1.159091,-2.979339,-1.390496,-1.128099,-3.099174,-2.210744,-0.572314
147,-0.98,-1.06,-0.52,-1.44,-1.58,-0.88,-1.32,-1.82,-1.2,-1.14,-1.18,-0.86,-0.9,-1.26,-1.54,-0.54,-0.38,-2.54,-0.98,-1.06
148,-0.911017,-1.45339,-1.309322,-1.838983,-2.919492,-1.728814,-1.694915,-1.860169,-1.538136,-1.677966,-1.792373,-2.067797,-1.622881,-1.902542,-2.110169,-1.152542,-1.144068,-1.902542,-1.038136,-1.516949
149,-0.045685,-1.345178,-1.695431,-1.680203,-1.071066,-1.177665,-1.13198,-1.091371,-0.807107,-0.989848,-1.527919,-1.350254,-0.771574,-1.573604,-1.832487,-0.979695,-0.700508,-1.680203,-1.329949,-0.807107
150,-0.792614,-2.119318,-2.535511,-3.125,-3.792614,-1.859375,-2.705966,-2.568182,-2.580966,-1.28125,-1.041193,-2.639205,-1.117898,-2.106534,-3.744318,-1.401989,-1.524148,-3.852273,-2.752841,-1.326705
151,-0.066079,-0.088106,-1.167401,-1.193833,-2.45815,-0.431718,-1.052863,-1.568282,-0.907489,-1.281938,-0.995595,-0.907489,-0.625551,-1.290749,-1.39207,-0.612335,-0.84141,-1.281938,-1.237885,-1.039648
152,-1.852941,-2.039216,-3.198529,-3.066176,-4.5,-2.379902,-2.102941,-3.715686,-2.862745,-2.531863,-2.240196,-2.389706,-2.563725,-3.666667,-4.039216,-2.419118,-2.448529,-5.411765,-3.909314,-2.39951
153,-1.014218,-1.042654,-1.815166,-1.654028,-2.232227,-1.123223,-1.236967,-2.526066,-1.018957,-1.924171,-1.838863,-1.687204,-1.649289,-1.867299,-2.464455,-1.180095,-1.587678,-2.047393,-1.682464,-1.691943
154,-0.317354,-1.209971,-1.864813,-1.812081,-2.399808,-1.248322,-1.493768,-2.01534,-1.347076,-1.581016,-1.46117,-1.747843,-1.310642,-2.142857,-2.146692,-1.117929,-1.134228,-2.795781,-2.178332,-1.324065
155,-0.108652,-3.55332,-3.044266,-3.993964,-3.01006,-3.024145,-3.704225,-1.287726,-3.392354,-0.10664,-0.569416,-3.34004,-0.195171,-0.474849,-3.120724,-1.092555,-0.843058,-1.837022,-1.758551,-0.267606
156,-1.20339,-1.457627,-2.988701,-3.00565,-3.288136,-2.440678,-2.175141,-3.045198,-1.887006,-2.519774,-2.40113,-2.836158,-2.045198,-2.830508,-3.875706,-2.327684,-2.090395,-3.169492,-2.836158,-2.237288
157,-0.363636,-1.236364,-1.436364,-1.563636,-2.036364,-0.781818,-0.6,-1.763636,-1.490909,-1.090909,-1.218182,-0.672727,-0.654545,-1.418182,-1.672727,-0.436364,-0.309091,-2.054545,-1.0,-0.8
158,-0.778723,-1.33617,-1.446809,-1.697872,-2.497872,-1.042553,-1.097872,-1.591489,-1.425532,-0.059574,-0.374468,-0.982979,-0.114894,-0.417021,-2.221277,-0.991489,-0.93617,-1.446809,-1.182979,-0.557447
159,-0.561562,-0.924925,-1.03003,-1.048048,-1.303303,-0.813814,-0.843844,-1.627628,-0.426426,-0.795796,-1.159159,-0.984985,-0.564565,-1.039039,-1.3003,-0.831832,-0.774775,-1.750751,-0.927928,-0.912913
160,-0.47651,-0.912752,-0.671141,-0.818792,-1.892617,-0.503356,-0.583893,-1.167785,-0.52349,-1.241611,-1.47651,-0.932886,-0.758389,-1.657718,-1.181208,-0.436242,-0.348993,-1.95302,-1.174497,-0.892617
161,-0.072289,-1.212851,-1.413655,-1.694779,-1.883534,-0.879518,-1.160643,-1.783133,-1.200803,-0.859438,-0.971888,-1.502008,-0.301205,-1.538153,-2.156627,-1.044177,-0.722892,-2.176707,-1.614458,-0.871486
162,-0.23445,-2.755981,-2.91866,-3.100478,-2.894737,-2.578947,-2.602871,-2.61244,-3.086124,-1.784689,-2.057416,-2.712919,-1.976077,-3.177033,-3.488038,-1.837321,-1.770335,-4.655502,-3.617225,-1.344498
163,-0.444681,-0.482979,-0.72766,-0.725532,-1.068085,-0.670213,-0.661702,-1.382979,-0.2,-0.857447,-0.895745,-0.823404,-0.504255,-0.721277,-1.27234,-0.640426,-0.585106,-0.957447,-0.425532,-0.910638
164,-0.730887,-2.834862,-2.094801,-2.376147,-4.110092,-1.53211,-1.706422,-2.746177,-2.93578,-1.966361,-2.122324,-1.892966,-1.137615,-2.633028,-3.394495,-1.525994,-1.33945,-3.617737,-2.623853,-1.541284
165,-0.432911,-0.486076,-0.767089,-0.688608,-1.043038,-0.562025,-0.564557,-0.944304,-0.027848,-0.83038,-1.131646,-0.860759,-0.217722,-0.994937,-1.058228,-0.711392,-0.643038,-0.787342,-0.425316,-0.860759
166,-0.53913,-0.473913,-1.291304,-1.334783,-1.547826,-0.808696,-0.93913,-1.530435,-0.465217,-1.330435,-1.326087,-1.134783,-0.769565,-1.730435,-1.504348,-0.926087,-0.756522,-1.308696,-1.356522,-1.156522
167,-0.224242,-1.884848,-3.075758,-2.8,-3.445455,-2.245455,-2.518182,-2.112121,-2.354545,-2.209091,-1.89697,-2.742424,-2.018182,-3.172727,-2.933333,-1.89697,-1.727273,-3.939394,-3.312121,-1.066667
168,-0.822581,-1.696774,-3.567742,-3.154839,-4.025806,-2.167742,-2.690323,-3.348387,-2.074194,-2.93871,-1.748387,-3.445161,-2.325806,-3.312903,-3.348387,-2.087097,-2.177419,-4.264516,-3.716129,-2.112903
169,-1.134615,-1.442308,-1.307692,-2.288462,-1.980769,-0.980769,-1.519231,-2.576923,-1.576923,-0.557692,-0.634615,-1.230769,0.019231,-0.576923,-2.211538,-1.115385,-0.538462,-1.903846,-0.788462,-0.519231
170,-0.254808,-1.466346,-1.658654,-2.033654,-3.038462,-1.302885,-1.908654,-1.831731,-2.225962,-2.399038,-2.168269,-1.875,-1.677885,-2.730769,-2.067308,-0.875,-0.740385,-3.317308,-2.274038,-1.682692
171,-0.917625,-1.93295,-1.597701,-1.883142,-2.745211,-1.522989,-1.229885,-2.059387,-1.963602,-1.438697,-1.862069,-1.277778,-1.505747,-2.222222,-2.659004,-1.164751,-1.103448,-3.60728,-2.105364,-1.239464
172,-0.828947,-0.888158,-2.125,-2.197368,-2.881579,-1.065789,-1.493421,-2.888158,-1.552632,-2.032895,-1.335526,-1.730263,-1.223684,-2.980263,-3.0,-1.421053,-1.184211,-4.223684,-2.822368,-1.75
173,-0.241096,-1.273973,-1.438356,-1.786301,-2.624658,-1.156164,-1.536986,-1.887671,-1.558904,-1.09863,-0.980822,-1.383562,-1.161644,-1.372603,-2.271233,-0.879452,-0.934247,-2.158904,-0.849315,-1.115068
174,-1.982079,-1.874552,-1.928315,-2.90681,-2.72043,-1.562724,-2.121864,-3.494624,-0.756272,-1.670251,-1.856631,-2.053763,-1.698925,-1.860215,-3.774194,-1.412186,-1.562724,-4.232975,-0.956989,-2.498208
175,-0.385542,-0.618474,-0.670683,-0.708835,-0.453815,-0.636546,-0.491968,-0.991968,-0.082329,-0.550201,-0.835341,-0.726908,0.178715,-0.552209,-1.110442,-0.783133,-0.528112,-0.449799,-0.287149,-0.62249
176,-0.548501,-2.040564,-2.356261,-2.500882,-2.123457,-2.037037,-2.151675,-2.024691,-1.851852,-1.830688,-1.767196,-2.449735,-1.439153,-2.559083,-3.142857,-1.365079,-1.336861,-3.181658,-2.375661,-1.54321
177,-1.826087,-2.462451,-3.065217,-3.351779,-4.195652,-2.671937,-2.648221,-3.355731,-3.073123,-2.367589,-2.602767,-2.592885,-2.134387,-3.798419,-4.36166,-2.249012,-2.3083,-5.381423,-3.940711,-2.164032
178,-1.111614,-1.300151,-1.419306,-1.770739,-1.962293,-1.546003,-1.40724,-2.159879,-1.467572,-1.496229,-1.54902,-1.227753,-1.144796,-1.782805,-2.506787,-1.333333,-1.472097,-2.85822,-1.420814,-1.695324
179,-0.226891,-0.857143,-2.388655,-1.913866,-3.422269,-1.434874,-1.676471,-1.976891,-2.031513,-1.493697,-0.993697,-2.457983,-1.271008,-2.346639,-2.245798,-1.289916,-1.256303,-3.073529,-2.920168,-1.201681
180,-1.1325,-2.615,-2.7875,-3.1725,-3.2825,-2.8125,-2.7,-2.92,-2.255,-2.1525,-2.1525,-2.9775,-2.4175,-2.7625,-3.59,-2.0975,-2.17,-4.5225,-2.9275,-1.945
181,0.301746,-2.907731,-2.957606,-4.102244,-2.935162,-2.573566,-3.628429,-0.98005,-3.179551,-0.221945,-0.112219,-3.416459,-0.01995,-0.139651,-2.745636,-0.798005,-0.837905,-2.276808,-1.925187,-0.40399
182,-0.327543,-1.632754,-2.677419,-2.33995,-2.439206,-2.272953,-1.8933,-2.531017,-1.516129,-1.647643,-1.7866,-2.593052,-2.186104,-2.503722,-2.967742,-1.774194,-1.473945,-3.511166,-2.53598,-1.044665
183,-0.650281,-1.171348,-0.59691,-1.172753,-4.310393,-1.095506,-1.640449,-1.071629,-1.811798,-1.606742,-1.639045,-1.792135,-1.751404,-1.103933,-2.504213,-0.492978,-0.352528,-2.06882,-0.842697,-1.40309
184,-0.023188,-3.023188,-3.376812,-4.011594,-3.026087,-2.973913,-3.721739,-1.686957,-3.515942,-0.915942,-0.698551,-3.434783,-1.023188,-1.831884,-3.24058,-1.327536,-1.211594,-3.15942,-2.947826,-0.530435
185,-0.638251,-1.331148,-1.33224,-1.630601,-4.264481,-0.87541,-1.248087,-2.525683,-1.874317,-1.442623,-1.451366,-1.27541,-1.259016,-1.850273,-2.616393,-1.099454,-1.00765,-2.939891,-1.631694,-1.460109
186,0.233043,-1.596522,-1.262609,-1.078261,-3.236522,-0.467826,-0.963478,-1.283478,-1.843478,-1.358261,-0.81913,-1.271304,-0.406957,-1.565217,-1.478261,-0.466087,-0.544348,-2.617391,-1.78087,-0.942609
187,-0.73516,-0.666667,-2.050228,-2.009132,-3.420091,-1.146119,-1.296804,-2.447489,-1.926941,-1.762557,-1.908676,-0.913242,-1.534247,-3.091324,-3.406393,-1.511416,-1.173516,-3.835616,-2.789954,-1.730594
188,-0.354167,-1.097222,-0.099537,-0.472222,-3.05787,-0.523148,-1.037037,-0.19213,-0.398148,-1.159722,-1.194444,-1.032407,-0.414352,-0.386574,-1.537037,-0.238426,-0.150463,-0.104167,-0.099537,-0.884259
189,0.029762,-1.630952,-0.654762,-0.732143,-2.220238,-0.72619,-0.875,-0.964286,-1.892857,-1.27381,-1.214286,-1.047619,-1.14881,-1.559524,-1.220238,-0.172619,-0.011905,-2.559524,-1.357143,-0.702381
190,-1.0,-1.716981,-2.283019,-2.90566,-1.773585,-1.698113,-2.207547,-2.433962,-1.886792,0.056604,0.471698,-1.90566,0.09434,-0.301887,-2.301887,-1.283019,-0.396226,-2.113208,-0.867925,-0.132075
191,-0.395034,-1.234763,-0.413845,-0.437923,-2.008277,-0.793078,-0.808879,-0.995485,-0.840482,-1.142965,-1.323552,-0.89541,-0.962378,-1.099323,-1.189616,-0.491347,-0.258841,-1.383747,-0.700527,-0.912716
192,-0.747253,-1.0,-0.89011,-1.543956,-1.615385,-0.862637,-1.032967,-1.906593,-0.879121,-0.978022,-0.989011,-0.763736,-0.648352,-1.082418,-1.983516,-0.450549,-0.5,-2.197802,-0.769231,-0.912088
193,-0.318339,-1.605536,-1.733564,-1.778547,-1.415225,-1.539792,-1.740484,-1.847751,-1.121107,-0.882353,-1.138408,-1.768166,-0.899654,-1.892734,-2.204152,-0.99654,-0.83391,-2.889273,-1.678201,-0.82699
194,-0.296296,-2.787654,-2.338272,-3.222222,-2.409877,-2.338272,-2.879012,-1.639506,-2.930864,-0.096296,-0.422222,-2.4,-0.009877,-0.920988,-2.614815,-1.046914,-0.701235,-2.809877,-2.261728,-0.17284
195,-0.946078,-2.02451,-2.480392,-2.196078,-4.063725,-1.921569,-2.166667,-2.343137,-2.421569,-2.04902,-1.936275,-2.093137,-1.607843,-2.333333,-2.583333,-1.544118,-1.269608,-3.509804,-2.377451,-1.705882
196,-0.508197,-2.209836,-1.947541,-2.72459,-1.445902,-2.098361,-2.537705,-1.27541,-2.0,0.177049,-0.239344,-2.039344,0.006557,0.065574,-2.337705,-0.901639,-0.944262,-1.006557,-1.032787,-0.327869
197,-0.596491,-0.982456,-0.842105,-1.508772,-1.263158,-0.754386,-1.052632,-1.631579,-1.526316,-1.350877,-1.315789,-0.526316,-1.0,-2.0,-1.807018,-0.298246,-0.263158,-2.877193,-1.649123,-1.157895
198,-0.616891,-0.411261,-0.492044,-0.673195,-0.974296,-0.384333,-0.507956,-1.434517,-0.085679,-0.740514,-0.917993,-0.623011,-0.192166,-0.835985,-1.312118,-0.676867,-0.641371,-0.887393,-0.353733,-0.883721
199,-0.717881,-0.75894,-1.005298,-0.827815,-1.295364,-0.901987,-0.815894,-1.258278,0.101987,-1.487417,-1.511258,-1.259603,-0.875497,-0.923179,-1.435762,-0.97351,-1.033113,-0.846358,-0.64106,-1.278146
200,-0.652174,-1.66087,-2.113043,-2.573913,-2.26087,-0.782609,-2.0,-2.66087,-1.182609,-1.095652,-0.217391,-1.773913,-1.052174,-1.078261,-1.391304,-0.582609,-0.73913,-2.217391,-1.930435,-0.765217
201,0.0,-1.812903,-1.748387,-2.425806,-1.890323,-1.606452,-2.03871,-1.025806,-2.096774,0.019355,-0.135484,-1.658065,0.206452,-0.6,-1.819355,-0.76129,-0.509677,-2.264516,-1.193548,-0.051613
202,-0.451613,-1.008065,-1.669355,-1.298387,-2.798387,-1.185484,-1.112903,-2.056452,-1.701613,-0.709677,-0.725806,-0.451613,-0.83871,-1.193548,-2.016129,-1.0,-0.983871,-1.822581,-1.266129,-0.943548
203,-0.267139,-0.269504,-1.030733,-0.803783,-1.319149,-0.304965,-0.598109,-1.553191,-0.054374,-1.276596,-0.917258,-1.111111,-0.827423,-1.080378,-1.137116,-0.669031,-0.869976,-0.966903,-0.945626,-1.156028
204,-0.176471,-0.882353,-1.343137,-1.27451,-2.686275,-1.0,-0.696078,-1.45098,-1.107843,-1.343137,-1.294118,-1.156863,-1.068627,-1.421569,-1.637255,-0.72549,-0.607843,-2.166667,-1.5,-1.078431
205,-0.815021,-1.436718,-1.297636,-1.920723,-3.942976,-1.10153,-1.400556,-2.365786,-2.342142,-1.123783,-1.229485,-1.307371,-1.342142,-2.151599,-2.821975,-0.771905,-1.002782,-3.959666,-2.025035,-1.182197
206,-0.463807,-1.128686,-1.469169,-1.707775,-3.844504,-1.08311,-1.635389,-1.573727,-2.356568,-1.093834,-1.219839,-1.707775,-1.182306,-1.879357,-1.627346,-0.80429,-0.672922,-3.479893,-2.093834,-0.656836
207,-0.483568,-3.366197,-3.276995,-3.943662,-3.413146,-3.14554,-3.544601,-2.117371,-3.370892,0.042254,-0.399061,-3.323944,-0.295775,-1.117371,-3.497653,-1.384977,-1.15493,-3.474178,-2.784038,-0.497653
208,-0.10883,-1.01232,-0.151951,-0.652977,-2.002053,-0.186858,-0.778234,-0.683778,-0.332649,-0.954825,-1.379877,-0.735113,-0.728953,-1.137577,-0.498973,-0.193018,-0.059548,-0.308008,-0.373717,-0.63655
209,-1.154321,-1.401235,-2.191358,-2.209877,-3.049383,-1.716049,-1.12963,-2.932099,-1.450617,-1.45679,-1.759259,-1.611111,-1.345679,-1.833333,-3.796296,-1.944444,-1.987654,-3.111111,-1.697531,-1.555556
210,-0.483264,-0.529289,-1.832636,-1.650628,-2.33682,-0.539749,-1.106695,-2.188285,-0.834728,-1.84728,-1.056485,-1.945607,-1.219665,-1.922594,-2.008368,-0.851464,-1.054393,-2.855649,-1.851464,-1.405858
211,-0.552083,-1.84375,-2.541667,-2.3125,-3.447917,-1.322917,-1.25,-3.354167,-1.333333,-1.864583,-1.802083,-1.8125,-1.84375,-2.5,-3.291667,-1.833333,-1.614583,-3.875,-2.572917,-1.40625
212,-1.444882,-1.972441,-2.271654,-2.444882,-3.240157,-2.023622,-1.858268,-2.826772,-1.444882,-1.885827,-1.893701,-2.094488,-2.035433,-1.866142,-2.791339,-1.669291,-1.456693,-3.216535,-2.185039,-1.787402
213,-0.363229,-1.269058,-0.609865,-0.982063,-3.224215,-0.035874,-0.780269,-1.686099,-1.152466,-0.946188,-1.107623,-0.591928,-0.609865,-1.246637,-1.273543,-0.192825,-0.331839,-2.565022,-1.273543,-0.735426
214,-0.293103,-1.581897,-1.991379,-2.650862,-2.491379,-2.017241,-2.568966,-1.603448,-1.896552,0.573276,0.435345,-2.461207,-0.00431,0.508621,-2.340517,-0.616379,-0.676724,-1.116379,-0.737069,0.068966
215,0.570442,-0.555249,-1.696133,-1.578729,-1.712707,-0.769337,-1.473757,-1.172652,-0.874309,-0.415746,0.10221,-1.969613,0.023481,-0.665746,-1.504144,-0.55663,-0.555249,-0.856354,-1.201657,-0.484807
